{"stat.drop.minecraft.stone_pickaxe":1,"stat.walkOneCm":43631,"stat.playerKills":1,"stat.pickup.minecraft.stick":12,"stat.pickup.minecraft.wooden_axe":5,"stat.leaveGame":4,"stat.pickup.minecraft.crafting_table":1,"stat.pickup.minecraft.stone_pickaxe":1,"stat.useItem.minecraft.apple":1,"stat.pickup.minecraft.wooden_sword":1,"stat.pickup.minecraft.string":2,"stat.pickup.minecraft.log":1,"stat.jump":352,"stat.swimOneCm":1886,"stat.fallOneCm":8063,"stat.crouchOneCm":1863,"stat.pickup.minecraft.sapling":2,"stat.sprintOneCm":27839,"stat.useItem.minecraft.stone_slab2":4,"stat.pickup.minecraft.apple":1,"stat.useItem.minecraft.sapling":1,"stat.craftItem.minecraft.planks":4,"stat.pickup.minecraft.wooden_pickaxe":1,"stat.damageTaken":1165,"stat.useItem.minecraft.wooden_pickaxe":3,"stat.pickup.minecraft.cobblestone":1,"stat.mobKills":1,"stat.mineBlock.minecraft.log":1,"stat.pickup.minecraft.planks":1,"stat.flyOneCm":59791,"stat.deaths":4,"stat.pickup.minecraft.wheat_seeds":4,"stat.drop":4,"stat.playOneMinute":22737,"stat.drop.minecraft.wheat_seeds":2,"stat.drop.minecraft.string":1,"stat.useItem.minecraft.stone_pickaxe":2,"stat.sneakTime":713,"stat.damageDealt":584,"stat.pickup.zawa.care_guide":1,"stat.timeSinceDeath":853,"stat.useItem.minecraft.wooden_axe":16,"stat.mineBlock.minecraft.tallgrass":13,"stat.diveOneCm":6053}