{"stat.flyOneCm":91429,"stat.deaths":2,"stat.walkOneCm":13871,"stat.jump":152,"stat.swimOneCm":4006,"stat.playerKills":2,"stat.playOneMinute":11099,"stat.fallOneCm":5447,"stat.useItem.minecraft.wooden_sword":13,"stat.pickup.minecraft.stick":12,"stat.leaveGame":3,"stat.sneakTime":737,"stat.damageTaken":503,"stat.damageDealt":277,"stat.crouchOneCm":1756,"stat.pickup.zawa.care_guide":2,"stat.timeSinceDeath":84,"stat.mineBlock.minecraft.double_plant":1,"stat.sprintOneCm":18924,"stat.mineBlock.minecraft.tallgrass":10,"stat.diveOneCm":9955,"stat.pickup.minecraft.wooden_sword":1}