{"stat.walkOneCm":4280,"stat.leaveGame":1,"stat.damageTaken":215,"stat.mobKills":1,"stat.killEntity.Creeper":1,"stat.useItem.minecraft.bucket":10,"stat.useItem.minecraft.diamond_sword":11,"stat.useItem.minecraft.potion":1,"stat.flyOneCm":13219,"stat.drop":1,"stat.jump":46,"stat.swimOneCm":146,"stat.playOneMinute":3076,"stat.fallOneCm":1737,"stat.useItem.minecraft.cooked_beef":2,"stat.damageDealt":731,"stat.timeSinceDeath":3076,"stat.drop.minecraft.glass_bottle":1,"stat.pickup.minecraft.dirt":7,"stat.mineBlock.minecraft.dirt":1,"stat.sprintOneCm":5681,"stat.useItem.minecraft.stone_slab2":1,"stat.useItem.minecraft.spawn_egg":7,"stat.mineBlock.minecraft.tallgrass":1,"stat.useItem.minecraft.water_bucket":10}