{"stat.walkOneCm":6879,"stat.leaveGame":3,"stat.killEntity.Creeper":1,"stat.useItem.minecraft.diamond_sword":21,"stat.useItem.minecraft.potion":1,"stat.jump":67,"stat.swimOneCm":146,"stat.fallOneCm":1737,"stat.pickup.minecraft.dirt":22,"stat.sprintOneCm":6888,"stat.useItem.minecraft.stone_slab2":1,"stat.useItem.minecraft.water_bucket":10,"stat.killEntity.Horse":3,"stat.damageTaken":235,"stat.pickup.minecraft.leather":1,"stat.mobKills":4,"stat.useItem.minecraft.bucket":10,"stat.flyOneCm":16941,"stat.drop":1,"stat.pickup.minecraft.wheat_seeds":3,"stat.playOneMinute":9538,"stat.useItem.minecraft.cooked_beef":3,"stat.damageDealt":1401,"stat.timeSinceDeath":9538,"stat.pickup.zawa.care_guide":1,"stat.drop.minecraft.glass_bottle":1,"stat.mineBlock.minecraft.dirt":3,"stat.useItem.minecraft.spawn_egg":8,"stat.mineBlock.minecraft.tallgrass":1}