{"stat.walkOneCm":22436,"stat.useItem.minecraft.bread":11,"stat.playerKills":3,"stat.horseOneCm":2758,"stat.craftItem.minecraft.planks":8,"stat.leaveGame":3,"stat.damageTaken":765,"stat.craftItem.minecraft.crafting_table":1,"stat.mineBlock.minecraft.double_plant":2,"stat.mineBlock.minecraft.log":2,"stat.pickup.minecraft.log":2,"stat.flyOneCm":129795,"stat.deaths":1,"stat.drop":3,"stat.pickup.minecraft.wheat_seeds":2,"stat.jump":516,"stat.swimOneCm":1021,"stat.playOneMinute":13986,"stat.fallOneCm":16886,"stat.drop.minecraft.wheat_seeds":2,"stat.sneakTime":309,"stat.damageDealt":935,"stat.crouchOneCm":541,"stat.pickup.zawa.care_guide":2,"stat.timeSinceDeath":2285,"stat.sprintOneCm":31544,"stat.drop.zawa.care_guide":1,"stat.mineBlock.minecraft.tallgrass":9,"stat.diveOneCm":2363}