{"stat.useItem.minecraft.splash_potion":10,"stat.horseOneCm":2758,"stat.leaveGame":6,"stat.pickup.megaloot.tool_shovel":6,"stat.jump":1038,"stat.swimOneCm":7196,"stat.fallOneCm":32848,"stat.useItem.minecraft.planks":5,"stat.mineBlock.minecraft.web":3,"stat.useItem.minecraft.stone_axe":1,"stat.drop.minecraft.wooden_sword":1,"stat.crouchOneCm":5036,"stat.pickup.megaloot.tool_pickaxe":3,"stat.pickup.megaloot.weaponsword":4,"stat.useItem.minecraft.stone_slab2":4,"stat.drop.megaloot.tool_shovel":8,"stat.craftingTableInteraction":8,"stat.pickup.minecraft.iron_ore":4,"stat.pickup.megaloot.baublering":1,"stat.pickup.minecraft.splash_potion":1,"stat.drop.megaloot.baublering":2,"stat.craftItem.minecraft.stone_axe":1,"stat.drop.megaloot.weaponbow":11,"stat.pickup.minecraft.wooden_pickaxe":4,"stat.damageTaken":1708,"stat.craftItem.minecraft.wooden_button":1,"stat.craftItem.minecraft.stone_pickaxe":1,"stat.useItem.minecraft.wooden_pickaxe":10,"stat.pickup.minecraft.cobblestone":20,"stat.craftItem.minecraft.wooden_sword":1,"stat.pickup.minecraft.planks":9,"stat.craftItem.minecraft.stone_sword":1,"stat.drop.megaloot.tool_axe":5,"stat.flyOneCm":336519,"stat.pickup.minecraft.wheat_seeds":6,"stat.drop.minecraft.wheat_seeds":4,"stat.pickup.megaloot.armor_chestplate":2,"stat.useItem.minecraft.stone_sword":1,"stat.damageDealt":2173,"stat.timeSinceDeath":8703,"stat.useItem.minecraft.crafting_table":1,"stat.walkOneCm":59862,"stat.useItem.minecraft.bread":14,"stat.playerKills":8,"stat.pickup.minecraft.stick":2,"stat.pickup.minecraft.wooden_axe":5,"stat.craftItem.minecraft.crafting_table":5,"stat.mineBlock.minecraft.double_plant":4,"stat.pickup.megaloot.weaponbow":7,"stat.drop.megaloot.tool_pickaxe":3,"stat.pickup.minecraft.log":18,"stat.pickup.minecraft.string":5,"stat.pickup.minecraft.sapling":1,"stat.sprintOneCm":71124,"stat.pickup.minecraft.apple":1,"stat.craftItem.minecraft.stick":28,"stat.craftItem.minecraft.wooden_axe":3,"stat.drop.megaloot.armor_helmet":1,"stat.craftItem.minecraft.planks":72,"stat.pickup.minecraft.bread":83,"stat.drop.megaloot.armor_leggings":1,"stat.mineBlock.minecraft.log":18,"stat.pickup.megaloot.tool_axe":2,"stat.deaths":4,"stat.drop.megaloot.weaponsword":4,"stat.drop":44,"stat.pickup.megaloot.armor_leggings":1,"stat.playOneMinute":35784,"stat.useItem.minecraft.wooden_sword":7,"stat.sneakTime":1937,"stat.pickup.zawa.care_guide":2,"stat.pickup.megaloot.armor_helmet":1,"stat.useItem.minecraft.wooden_axe":12,"stat.drop.zawa.care_guide":1,"stat.mineBlock.minecraft.stone":10,"stat.mineBlock.minecraft.tallgrass":12,"stat.diveOneCm":3170,"stat.drop.minecraft.wooden_axe":1,"stat.drop.megaloot.armor_chestplate":2}