{"stat.useItem.minecraft.splash_potion":2,"stat.walkOneCm":79673,"stat.useItem.minecraft.bread":11,"stat.playerKills":8,"stat.horseOneCm":23212,"stat.pickup.minecraft.stick":21,"stat.pickup.minecraft.wooden_axe":1,"stat.pickup.minecraft.crafting_table":1,"stat.pickup.minecraft.stone_pickaxe":1,"stat.useItem.minecraft.cobblestone":1,"stat.craftItem.minecraft.crafting_table":3,"stat.pickup.minecraft.stone_axe":1,"stat.mineBlock.minecraft.double_plant":1,"stat.pickup.minecraft.log":11,"stat.pickup.minecraft.string":5,"stat.jump":1000,"stat.swimOneCm":7401,"stat.fallOneCm":26197,"stat.useItem.minecraft.planks":5,"stat.drop.minecraft.sapling":1,"stat.crouchOneCm":312,"stat.pickup.minecraft.sapling":2,"stat.sprintOneCm":100322,"stat.useItem.minecraft.stone_slab2":9,"stat.craftItem.minecraft.stick":12,"stat.craftItem.minecraft.wooden_axe":2,"stat.craftingTableInteraction":6,"stat.pickup.minecraft.iron_ore":6,"stat.pickup.minecraft.splash_potion":3,"stat.craftItem.minecraft.planks":40,"stat.pickup.minecraft.wooden_pickaxe":2,"stat.damageTaken":2685,"stat.mineBlock.minecraft.crafting_table":1,"stat.killEntity.Spider":1,"stat.useItem.minecraft.iron_ore":1,"stat.pickup.minecraft.bread":133,"stat.pickup.minecraft.stone_sword":1,"stat.craftItem.minecraft.stone_pickaxe":1,"stat.useItem.minecraft.wooden_pickaxe":19,"stat.pickup.minecraft.cobblestone":17,"stat.mobKills":1,"stat.mineBlock.minecraft.log":10,"stat.pickup.minecraft.planks":11,"stat.flyOneCm":206269,"stat.deaths":9,"stat.drop":11,"stat.pickup.minecraft.wheat_seeds":6,"stat.mineBlock.minecraft.leaves":1,"stat.playOneMinute":28726,"stat.drop.minecraft.wheat_seeds":6,"stat.drop.minecraft.string":4,"stat.useItem.minecraft.stone_pickaxe":9,"stat.sneakTime":57,"stat.useItem.minecraft.stone_sword":4,"stat.damageDealt":2452,"stat.mineBlock.minecraft.iron_ore":2,"stat.timeSinceDeath":656,"stat.pickup.zawa.care_guide":4,"stat.useItem.minecraft.wooden_axe":5,"stat.craftItem.minecraft.wooden_pickaxe":2,"stat.mineBlock.minecraft.stone":5,"stat.mineBlock.minecraft.tallgrass":12,"stat.diveOneCm":16479}