{"stat.walkOneCm":17259,"stat.useItem.minecraft.bread":3,"stat.playerKills":1,"stat.craftItem.minecraft.planks":20,"stat.pickup.minecraft.crafting_table":1,"stat.damageTaken":877,"stat.mineBlock.minecraft.crafting_table":1,"stat.craftItem.minecraft.crafting_table":1,"stat.pickup.minecraft.bread":53,"stat.mineBlock.minecraft.double_plant":1,"stat.useItem.minecraft.wooden_pickaxe":5,"stat.pickup.minecraft.cobblestone":3,"stat.mineBlock.minecraft.log":5,"stat.pickup.minecraft.planks":4,"stat.pickup.minecraft.log":5,"stat.flyOneCm":60989,"stat.deaths":3,"stat.drop":1,"stat.pickup.minecraft.wheat_seeds":1,"stat.jump":283,"stat.swimOneCm":314,"stat.mineBlock.minecraft.leaves":1,"stat.playOneMinute":6189,"stat.fallOneCm":6361,"stat.drop.minecraft.wheat_seeds":1,"stat.useItem.minecraft.planks":3,"stat.sneakTime":23,"stat.damageDealt":752,"stat.crouchOneCm":217,"stat.timeSinceDeath":3395,"stat.pickup.zawa.care_guide":2,"stat.sprintOneCm":21669,"stat.useItem.minecraft.stone_slab2":2,"stat.craftItem.minecraft.wooden_pickaxe":1,"stat.mineBlock.minecraft.stone":3,"stat.mineBlock.minecraft.tallgrass":2,"stat.diveOneCm":10673,"stat.craftItem.minecraft.stick":4,"stat.craftingTableInteraction":1}