{
  "iceandfire:iceandfire/root": {
    "criteria": {
      "tick": "2024-05-25 22:44:13 +0000"
    },
    "done": true
  },
  "mowziesmobs:root": {
    "criteria": {
      "custom_test_name": "2024-05-25 22:44:13 +0000"
    },
    "done": true
  },
  "cfm:root": {
    "criteria": {
      "tick": "2024-05-25 22:44:13 +0000"
    },
    "done": true
  },
  "cfm:install": {
    "criteria": {
      "tick": "2024-05-25 22:44:13 +0000"
    },
    "done": true
  },
  "minecraft:adventure/adventuring_time": {
    "criteria": {
      "forest": "2024-05-25 22:46:21 +0000",
      "beaches": "2024-05-25 22:46:14 +0000",
      "plains": "2024-05-25 22:44:13 +0000"
    },
    "done": false
  }
}